datetime;make;model;year;engine;mileage;price;fuel_type;new
7/16/2021;Chrysler;GrandVoyager;2001;2.5;244.0;2.65;D;false
11/11/2021;Opel;Astra;2003;2.0;270.0;2.25;D;false
5/14/2022;Kia;RIO;2009;1.5;109.0;4.25;D;false
2/19/2018;Peugeot;Partner;2007;1.4;126.0;1.85;P;true
6/28/2017;Volkswagen;Golf4;1998;1.9;320.0;1.85;D;false
03/08/2018;Mazda;Mazda6;2008;2.0;179.0;5.99;D;false
11/18/2021;Porsche;Cayenne;2008;4.8;120.0;12.7;P;false
04/09/2020;Volkswagen;Golf6;2011;2.0;196.0;7.95;D;true
02/03/2018;Volvo;XC60;2013;2.4;173.0;24.9;D;true
3/19/2022;Nissan;Qashqai;2016;1.6;15.0;20.6;D;false
03/08/2022;Ford;Focus;2005;1.6;251.0;1.95;D;false
2/22/2020;Volvo;S60;2003;2.4;215.0;3.45;D;true
9/26/2019;Volkswagen;Caddy;2002;1.9;320.0;1.2;D;false
09/01/2018;Chrysler;GrandVoyager;2010;2.8;155.0;12.5;D;false
02/12/2019;Fiat;Bravo;2008;1.4;101.0;3.6;P;false
1/13/2021;Opel;Vectra;2004;2.2;150.0;3.5;P;false
4/27/2022;Citroen;Berlingo;2010;1.6;159.0;3.5;D;false
08/10/2018;Bmw;5;2010;3.0;205.0;16.3;D;false
02/08/2020;Volkswagen;Jetta;2013;2.0;177.0;12.5;D;false
7/26/2017;Ford;Focus;2009;1.6;151.0;3.9;D;false
7/20/2017;Volvo;V50;2012;1.6;174.0;8.2;D;false
07/12/2020;Bmw;X5;2007;3.0;204.0;14.5;P;false
5/16/2021;Opel;Zafira;2007;1.9;301.0;3.65;D;false
5/26/2020;Volvo;S70;1998;2.5;306.0;1.3;P;true
08/05/2019;Seat;Alhambra;2008;2.0;285.0;5.1;D;true
12/03/2020;Bmw;5;2013;5.0;162.0;45.9;D;false
9/17/2020;Ford;Focus;2000;1.6;364.0;725;P;true
02/03/2020;Audi;A4;2003;2.5;220.0;2.49;D;false
02/07/2019;Toyota;RAV4;2011;2.2;217.0;11.8;D;true
7/21/2019;Audi;80;1993;2.0;274.0;690;P;false
11/09/2018;Mercedes;E;2002;2.2;214.0;1.54;D;false
8/28/2017;Nissan;Note;2010;1.5;177.0;5.75;D;true
9/27/2019;Mercedes;E;1996;2.3;265.0;550;P;true
02/05/2022;Audi;A6;1995;2.5;400.0;700;D;false
12/07/2020;Toyota;Auris;2012;1.8;119.0;8.59;H;true
10/17/2019;Lexus;RX;2011;3.5;154.0;26.5;H;false
6/24/2019;Volkswagen;Transporter;2000;1.9;409.0;1.8;D;true
09/03/2022;Audi;A4;1999;1.9;299.0;2.49;D;true
09/06/2021;Volkswagen;Polo;2012;1.2;138.0;7.5;D;false
12/24/2021;Volkswagen;Passat(B7);2014;2.0;29.0;18.9;D;false
04/04/2021;Opel;Insignia;2015;2.0;43.0;16.86;D;true
3/20/2018;Seat;Cordoba;2000;1.6;152.0;1.4;P;true
08/12/2020;Ford;FocusC-Max;2009;1.8;190.0;4.25;D;true
10/23/2020;Chrysler;Neon;1995;2.0;160.0;310;P;true
10/16/2021;Volvo;V70;2000;2.5;302.0;2.8;D;true
10/17/2018;Mercedes;E;2006;3.0;234.0;6.69;D;false
8/29/2018;Volvo;V70;1997;2.5;322.0;1.6;D;true
4/13/2018;Volvo;V70;1998;2.5;420.0;1.77;D;false
08/03/2017;Audi;A4;2006;2.0;190.0;5.15;D;false
2/28/2021;Opel;Astra;2011;1.3;193.0;6.35;D;true
07/01/2021;Audi;A4;2005;2.0;331.0;5.2;D;false
07/01/2021;Volkswagen;Polo;2012;1.2;94.0;7;D;true
1/13/2022;Audi;A6;2005;2.0;250.0;5.9;D;false
4/21/2020;Renault;Trafic;2004;1.9;439.0;2.6;D;true
8/19/2021;Opel;Vectra;2008;1.9;245.0;5.35;D;true
11/18/2017;Peugeot;Partner;2011;1.6;212.0;5.99;D;false
10/29/2020;Audi;Allroad;2002;2.5;267.0;3.3;D;true
7/15/2022;Volkswagen;Golf6;2012;1.6;161.0;7.4;D;false
05/07/2020;Chrysler;Voyager;2002;2.5;460.0;1.85;D;true
7/14/2018;Lexus;GS;2008;3.0;139.0;13.5;P;false
8/28/2022;Volvo;V50;2008;2.0;176.0;6.9;D;true
8/17/2021;Mercedes;Sprinter;2012;2.2;187.0;16.7;D;true
6/13/2018;Bmw;X1;2012;2.0;159.0;17;D;true
2/27/2021;Volvo;V70;2004;2.4;265.0;4.9;D;true
5/18/2022;Citroen;C-Crosser;2009;2.2;187.0;10.8;D;true
7/29/2022;Volkswagen;Crafter;2014;2.0;269.0;15.8;D;false
10/01/2020;Citroen;Berlingo;2005;1.9;280.0;1.1;D;false
5/13/2020;Mazda;Mazda3;2005;1.6;244.0;2.55;P;true
06/09/2018;Ford;Focus;1999;2.0;229.0;860;P;true
04/08/2018;Renault;Laguna;2007;1.5;180.0;4.05;D;false
5/29/2021;Renault;Megane;2005;1.9;268.0;1.69;D;false
06/04/2019;LandRover;Defender;2004;2.8;137.0;6.7;D;false
8/13/2022;Ford;F150;2013;3.5;68.0;29.5;P;true
9/17/2019;Volkswagen;Passat(B4);1994;1.9;321.0;1.22;D;true
9/16/2021;Mazda;323;1995;1.5;320.0;350;P;false
10/10/2021;Ford;Windstar;2000;3.0;225.0;2;P;true
7/31/2022;Volkswagen;Passat(B5);1998;1.9;545.0;800;D;false
02/01/2021;Kia;Carnival;2005;2.9;153.0;3.59;D;false
09/12/2021;Volvo;V50;2007;2.0;258.0;4.99;D;false
4/25/2021;Audi;A4;1998;1.9;310.0;1.05;D;false
01/06/2021;Volkswagen;T5;2008;2.5;210.0;5.9;D;true
5/24/2021;Volkswagen;Passat(B8);2015;2.0;42.0;22.99;D;false
08/09/2018;Volkswagen;Transporter;2006;2.5;305.0;5.9;D;true
1/13/2020;Volvo;V40;2002;1.8;237.0;1.99;P;true
08/09/2017;Volvo;S60;2002;2.4;284.0;2.25;D;true
8/25/2020;Fiat;Stilo;2002;1.9;203.0;1.6;D;true
02/01/2022;Volkswagen;Golf3;1993;1.4;290.0;540;P;false
1/25/2019;Opel;Astra;2012;1.7;141.0;7.4;D;true
12/14/2019;Bmw;5;1997;2.5;320.0;1.24;D;false
09/12/2018;Bmw;X5;2010;3.0;195.0;23.5;D;true
3/22/2020;Honda;Civic;2008;1.3;112.0;5.95;H;true
9/21/2019;Volvo;XC60;2014;2.0;168.0;30.9;D;false
2/25/2018;Volkswagen;Golf5;2007;1.9;274.0;4.29;D;true
05/10/2020;Volvo;S60;2001;2.3;320.0;1.94;P;false
2/21/2018;Toyota;Avensis;2005;2.0;200.0;3.99;P;false
9/16/2021;Toyota;Corolla;2002;2.0;388.0;1.44;D;false
12/29/2018;Bmw;3;2006;2.0;165.0;7.7;P;true
2/19/2019;Volkswagen;Sharan;2004;1.8;166.0;2.599;P;false
06/01/2022;Ford;Fiesta;2015;1.0;31.0;9.9;P;true
11/30/2019;Ford;Fiesta;2015;1.0;31.0;9.9;P;false
12/26/2021;Volkswagen;Passat(B7);2011;1.4;167.0;8.5;P;false
08/09/2021;Skoda;Octavia;2007;1.6;335.0;1.95;P;false
12/24/2017;Volvo;V70;2002;2.4;221.0;2.7;D;false
7/21/2018;Volvo;XC70;2005;2.5;402.0;4.55;P;false
04/01/2019;Opel;Astra;2007;1.9;232.0;3.15;D;true
3/15/2018;Chrysler;GrandVoyager;1997;3.3;453.0;1.1;P;true
11/22/2020;Honda;Civic;2007;1.8;170.0;5.36;P;false
10/06/2020;Volvo;XC70;2003;2.4;202.0;5;D;true
11/05/2018;Bmw;5;2013;3.0;65.0;27.9;D;true
12/27/2017;Volvo;V50;2004;2.0;350.0;3.15;D;false
10/25/2017;Volkswagen;Polo;2007;1.9;210.0;4.15;D;true
01/05/2022;Volkswagen;Touareg;2006;2.5;234.0;7.89;D;true
04/01/2022;Ford;Focus;2006;1.6;160.0;2.5;P;true
07/05/2018;Mitsubishi;Lancer;2008;2.0;112.0;5.5;D;true
04/02/2020;Volvo;S80;2003;2.4;259.0;4.1;D;false
8/14/2017;Bmw;3;2010;2.0;226.0;8.8;D;false
1/30/2019;Audi;A3;1999;1.8;242.0;2.2;P;true
07/12/2018;Renault;Scenic;2005;2.0;195.0;2.2;P;true
12/25/2021;Volvo;V50;2005;2.0;330.0;3.75;D;false
12/13/2020;Bmw;3;2010;2.0;188.0;9.9;D;false
9/16/2020;Mercedes;C;2008;2.1;195.0;8.2;D;false
09/08/2020;Mini;Cooper;2009;1.6;141.0;6.9;P;false
09/10/2017;Bmw;5;2013;3.0;44.0;33.888;D;false
12/04/2019;Bmw;3;2014;2.0;109.0;28.999;D;true
8/17/2020;Toyota;RAV4;2010;2.2;165.0;14.45;D;false
12/18/2019;Kia;Sorento;2005;2.5;204.0;3.9;D;false
05/09/2022;Chrysler;Voyager;2002;2.4;222.0;1.7;P;false
10/27/2021;Ford;Transit;2006;2.4;206.0;5;D;false
04/11/2019;Mazda;Premacy;2000;2.0;280.0;1.2;D;false
4/14/2019;Volkswagen;Golf4;2001;1.9;294.0;2.3;D;false
10/13/2017;Renault;Laguna;2010;2.0;137.0;4.49;P;false
5/25/2020;Ford;Galaxy;1999;1.9;293.0;1.49;D;false
3/26/2022;Audi;A3;2005;2.0;183.0;4.5;P;false
12/04/2020;Volvo;V70;2004;2.4;174.0;4.2;D;true
4/19/2020;Bmw;7;2011;3.0;189.0;22.9;D;false
6/24/2021;Ford;FocusC-Max;2004;2.0;218.0;3.3;D;true
5/20/2021;Volkswagen;Sharan;1996;2.0;350.0;1;P;true
1/13/2018;Opel;Insignia;2010;2.0;218.0;6.9;D;true
08/02/2021;Opel;Vectra;2005;1.9;240.0;2.95;D;true
10/12/2021;Audi;A6;1997;2.4;240.0;1.49;P;true
3/24/2022;Mercedes;A;2009;2.0;199.0;5.55;D;false
4/28/2021;Mazda;Mazda6;2006;2.0;262.0;2.25;P;false
8/16/2022;Dodge;RAM;2013;5.7;48.0;28.999;P;true
12/10/2019;Renault;Clio;1992;1.9;263.0;490;D;false
3/19/2022;Audi;A4;2005;3.0;246.0;6.6;D;true
2/13/2022;Bmw;5;2002;2.5;316.0;3.3;P;false
12/03/2021;Audi;A4;2002;1.9;237.0;2.2;D;true
10/10/2021;Bmw;7;2011;3.0;134.0;28.5;D;false
01/05/2018;Audi;A5;2012;3.0;121.0;26.39;D;true
1/16/2019;Renault;Kangoo;2011;1.5;124.0;5.1;D;true
6/30/2021;Bmw;3;1996;1.8;191.0;1.85;P;false
9/30/2020;Volvo;V50;2006;2.0;235.0;3.85;D;false
02/01/2022;Mercedes;ML;2002;2.7;237.0;5.5;D;false
8/15/2021;Mazda;CX-7;2010;2.2;169.0;10.9;D;false
03/06/2019;Renault;Laguna;1997;2.0;266.0;480;P;true
6/20/2021;Renault;Laguna;2005;1.9;189.0;1.999;D;false
10/10/2017;Volkswagen;Jetta;2010;1.6;125.0;6.5;P;false
7/13/2022;Volvo;XC90;2008;2.4;207.0;9.9;D;false
08/11/2020;Mazda;Mazda6;2004;1.8;218.0;1.45;P;false
1/29/2020;Audi;A4;2001;2.0;299.0;2.4;P;true
3/16/2021;Renault;Master;2007;2.5;400.0;2.99;D;false
8/19/2018;Audi;A4;2007;2.0;189.0;6.79;D;false
11/02/2017;Audi;A6;2006;2.7;207.0;6.65;D;false
12/15/2021;Volkswagen;Golf3;1993;1.6;284.0;790;P;true
06/12/2019;Toyota;Auris;2008;1.6;227.0;4.9;P;false
7/13/2020;Volvo;XC90;2008;2.4;220.0;10.6;D;true
8/19/2018;Volkswagen;Passat(B5);2004;1.9;299.0;2.75;D;false
6/18/2018;Renault;Kangoo;1999;1.4;216.0;140;P;false
9/14/2022;Opel;Insignia;2011;1.6;159.0;8.35;P;false
10/05/2017;Bmw;5;2006;3.0;220.0;6.499;D;true
07/10/2020;Peugeot;607;2002;2.2;297.0;1.999;D;true
03/03/2020;Bmw;5;2012;3.5;250.0;22.8;D;true
5/27/2020;Renault;Master;2012;2.3;165.0;12;D;false
12/11/2017;Mercedes;S;1994;3.5;222.0;3.87;D;false
5/18/2022;Mitsubishi;Carisma;2001;1.6;188.0;2;P;false
1/23/2021;Lexus;GS;2000;3.0;259.0;2.499;P;true
07/12/2018;Nissan;Primera;2003;1.8;259.0;1.85;P;true
5/14/2022;Volvo;V40;2000;1.9;310.0;1.09;D;false
12/26/2021;Bmw;3;2011;2.0;105.0;12.9;D;true
1/25/2021;Bmw;3;2005;2.0;232.0;3.52;D;true
2/17/2021;Bmw;5;2012;2.0;176.0;23.9;D;true
06/05/2020;Volkswagen;Golf4;2003;1.9;240.0;2.8;D;true
12/30/2017;Renault;Laguna;2005;1.9;260.0;2;D;false
11/16/2021;Volvo;244;1982;2.1;210.0;2.35;P;false
04/07/2022;Bmw;5;2005;3.0;183.0;9.65;D;true
10/01/2019;Mercedes;Vito;2016;2.2;6.0;37.577;D;true
8/29/2018;Volkswagen;Touran;2004;2.0;253.0;4.39;D;false
8/30/2020;Opel;Zafira;2006;1.9;192.0;3.8;D;true
10/15/2019;Volkswagen;Touareg;2008;3.0;208.0;11.99;D;false
6/29/2022;LandRover;LandRover;2003;1.8;178.0;2.95;P;false
10/04/2020;Bmw;X3;2005;3.0;204.0;7.49;D;true
2/15/2021;Volvo;XC60;2010;2.4;180.0;13.25;D;true
5/18/2022;Audi;A4;1997;1.8;252.0;1;P;true
9/29/2021;Bmw;3;2000;3.0;248.0;3.15;D;true
10/09/2019;Bmw;1;2005;2.0;281.0;5.45;D;true
6/16/2020;Nissan;AlmeraTino;2004;1.8;15.0;2.6;P;false
06/06/2021;Peugeot;607;2005;2.7;311.0;2.75;D;false
5/17/2022;Mercedes;ML;2001;2.7;300.0;4.1;D;false
8/18/2022;Audi;A4;2006;2.7;252.0;5.8;D;false
8/26/2017;Honda;Accord;2005;2.0;233.0;4.4;P;false
11/24/2021;Bmw;5;2000;3.0;290.0;3.45;P;true
04/02/2018;Volkswagen;Golf2;1991;1.3;450.0;100;P;false
10/27/2019;Ford;Galaxy;2004;1.9;270.0;3.35;D;true
2/18/2018;Volkswagen;Golf4;1998;1.9;190.0;550;D;false
05/07/2021;Volkswagen;Passat(B5);2000;1.9;251.0;2.65;D;false
8/17/2020;Audi;80;1994;2.0;286.0;1.25;P;true
3/15/2019;Volvo;V40;2002;1.8;254.0;1.3;P;true
07/12/2020;Volkswagen;T4;1993;2.4;2.0;700;D;false
2/16/2020;Audi;A4;2001;2.5;303.0;2.375;D;true
06/12/2018;Mercedes;E;2002;2.7;310.0;5.9;D;false
1/20/2018;Nissan;Navara;2003;2.5;276.0;4.999;D;true
02/02/2022;Volvo;XC90;2007;2.4;270.0;9.99;D;true
02/05/2020;Mercedes;C;2002;2.7;260.0;3.3;D;false
10/30/2017;Renault;Espace;2013;2.0;11.0;16.85;D;true
9/16/2022;Chevrolet;Lacetti;2006;1.6;95.0;2.9;P;false
02/10/2020;Volkswagen;Jetta;2015;1.4;60.0;12.9;P;true
11/29/2017;Bmw;X5;2002;3.0;257.0;5.999;D;true
1/15/2021;Volkswagen;Bora;2000;1.9;288.0;1.7;D;false
9/15/2019;Volkswagen;Golf5;2008;1.9;192.0;4.85;D;false
8/28/2022;Mercedes;Sprinter;2008;2.2;168.0;9.4;D;true
05/01/2021;Porsche;Cayenne;2005;4.5;246.0;9.99;P;true
6/14/2019;Volkswagen;Transporter;2006;1.9;268.0;4.1;D;true
6/19/2018;Mercedes;E;2003;2.7;250.0;6.1;D;false
6/30/2020;Mercedes;Sprinter;2004;2.2;257.0;4.2;D;false
08/09/2020;Mercedes;Sprinter;2008;2.2;340.0;7;D;true
08/03/2019;Volkswagen;Golf7;2013;1.6;174.0;10.4;D;true
01/12/2018;Subaru;Forester;2008;2.5;142.0;10.5;P;false
9/27/2021;Ford;FocusC-Max;2010;1.8;232.0;6.55;D;true
01/09/2020;Bmw;3;2008;2.0;194.0;8.95;D;true
07/10/2019;Volkswagen;Golf6;2009;2.0;174.0;7.7;D;false
1/31/2020;Ford;Focus;2010;1.6;257.0;4.95;D;true
02/06/2019;Jaguar;XF;2008;2.7;228.0;10.5;D;true
12/10/2019;Volvo;S60;2002;2.4;262.0;3.9;D;false
03/04/2021;Opel;Astra;1998;1.6;157.0;1.39;P;false
1/17/2021;Audi;A6;1997;2.5;295.0;1.85;D;false
8/17/2020;Peugeot;508;2012;2.0;170.0;10.65;D;true
10/09/2018;Bmw;3;2005;3.0;222.0;6.6;D;false
09/03/2020;Opel;Vectra;2001;2.2;222.0;1.75;P;true
8/21/2019;Toyota;RAV4;2011;2.0;194.0;11.65;P;false
01/03/2019;Volvo;V70;2000;2.5;20.0;2.9;D;false
1/24/2019;Bmw;X5;2008;3.5;204.0;18.6;D;true
12/11/2017;Mercedes;Sprinter;2004;2.2;290.0;5.5;D;false
7/22/2017;Nissan;Primera;2006;1.8;186.0;2.69;P;true
06/12/2020;Ford;Galaxy;1996;2.0;360.0;980;P;true
08/10/2018;Mercedes;ML;2000;3.2;316.0;3.5;P;true
5/21/2018;Mazda;Mazda3;2010;2.2;193.0;7.95;D;true
12/01/2019;Opel;Vivaro;2009;2.0;211.0;7.9;D;false
2/14/2019;Volkswagen;Touran;2005;2.0;182.0;5.35;P;false
7/29/2018;Audi;A6;1998;2.8;247.0;2.2;P;true
12/26/2018;Volkswagen;Caddy;2011;1.6;203.0;8.45;D;false
01/07/2022;Volvo;S40;1998;2.0;235.0;800;P;true
01/10/2020;Audi;A6;2000;2.5;322.0;1.8;D;true
9/13/2019;Volvo;XC90;2004;2.4;263.0;7.999;D;false
4/28/2019;Mercedes;S;2003;3.7;324.0;4.6;P;false
4/14/2019;Audi;A6;1996;2.8;285.0;890;P;true
9/20/2017;Bmw;3;2003;2.0;331.0;3.49;D;true
10/12/2022;Renault;Scenic;2007;1.9;214.0;3.15;D;true
09/06/2022;Volkswagen;Golf4;2001;1.9;220.0;2.5;D;true
6/17/2017;Mercedes;S;1992;3.2;430.0;1.55;P;true
12/21/2018;Citroen;C3;2003;1.4;260.0;750;P;true
6/25/2017;Renault;Kangoo;2004;1.2;203.0;1.8;P;false
8/23/2021;Seat;Leon;2006;2.0;87.0;3.79;P;false
04/08/2018;Toyota;Hilux;2010;3.0;236.0;16.7;D;false
4/26/2018;Volvo;S80;2003;2.4;235.0;3.78;D;true
3/16/2022;Volvo;XC60;2009;2.4;207.0;11.888;D;false
3/19/2019;Volkswagen;Passat(B7);2013;2.0;179.0;12.9;D;true
3/28/2019;Bmw;X6;2010;3.0;150.0;19;D;true
3/24/2019;Lexus;LS;2012;4.6;106.0;46;P;false
02/04/2021;LandRover;RangeRoverEvoque;2012;2.2;84.0;24;D;false
8/17/2017;Volkswagen;Passat(B6);2008;1.9;230.0;5.75;D;true
6/23/2017;Audi;A4;2001;1.9;204.0;3.65;D;false
3/19/2020;Renault;Laguna;2002;2.0;129.0;2.2;P;false
3/28/2020;Audi;A6;2006;3.0;210.0;7.6;D;true
07/06/2021;Lexus;LX;2011;5.7;43.0;44.9;P;true
1/14/2020;Audi;A3;2005;1.6;186.0;5;P;false
5/17/2022;Bmw;X3;2008;3.0;260.0;10.2;D;false
8/19/2020;Volkswagen;Golf7;2013;1.4;149.0;13.2;P;true
8/22/2022;Honda;Civic;2015;1.8;21.0;16.19;P;true
10/28/2018;Mercedes;GL;2006;3.0;309.0;18;D;false
11/28/2020;Bmw;X3;2011;3.0;215.0;20.95;D;true
10/17/2020;Audi;A4;2013;3.0;199.0;16.9;D;true
5/30/2020;LandRover;RangeRoverSport;2006;4.4;187.0;12.99;P;false
10/23/2019;Nissan;X-Trail;2006;2.2;239.0;4.999;D;true
2/16/2018;Bmw;5;2004;3.0;190.0;6.75;P;false
10/26/2020;Audi;Coupe;1991;2.0;371.0;890;P;true
10/24/2017;Citroen;Berlingo;2006;1.9;235.0;600;D;true
8/25/2022;Jeep;GrandCherokee;2006;3.0;182.0;10.1;D;false
01/03/2020;Opel;Vectra;2007;1.9;260.0;4;D;false
7/20/2018;Volvo;XC90;2004;2.4;232.0;7.299;D;false
09/12/2022;Audi;A6;2002;2.5;312.0;2.49;D;false
9/19/2021;Volkswagen;Golf4;2001;1.9;239.0;2.39;D;false
7/26/2021;Chrysler;Sebring;2006;2.4;208.0;2.39;P;false
11/20/2017;Opel;Astra;2010;1.7;62.0;6.2;D;true
11/01/2021;Audi;80;1987;1.8;364.0;380;P;true
06/11/2022;Mini;D094D180D183D0B3D0B8D0B5;2002;1.6;200.0;4.5;P;true
9/14/2018;Volkswagen;Polo;1997;1.6;170.0;800;P;false
04/03/2020;LandRover;Discovery;2005;2.7;209.0;8.8;D;false
7/25/2019;SsangYong;Kyron;2007;2.0;54.0;5.6;D;true
2/20/2021;Mini;One;2003;1.6;125.0;3.19;P;true
2/29/2020;Toyota;Avensis;2004;2.0;206.0;3.6;D;true
08/07/2017;Mercedes;S;2006;3.5;140.0;11.9;P;false
11/29/2018;Subaru;OUTBACK;1997;2.2;200.0;1.15;P;true
12/27/2017;Volkswagen;Transporter;2003;2.5;225.0;5;D;false
06/11/2020;Ford;Transit;2001;2.0;300.0;1.8;D;true
9/28/2017;Bmw;7;2000;2.8;255.0;1.88;P;true
9/18/2021;Honda;Civic;2006;2.2;199.0;3.99;D;false
04/01/2022;Ford;Mondeo;2008;1.8;200.0;5.25;D;true
7/26/2020;Mercedes;Sprinter;2001;2.7;60.0;3.35;D;true
04/02/2021;Mercedes;Sprinter;2005;2.2;450.0;4.5;D;false
7/28/2020;Bmw;3;2008;2.0;250.0;6.99;D;true
10/23/2018;Opel;Signum;2007;2.2;210.0;4.59;P;false
07/10/2019;Subaru;Impreza;2001;2.0;114.0;2.199;P;true
7/24/2021;Audi;A6;1999;2.5;305.0;2.65;D;true
1/19/2021;Audi;A4;2005;3.0;320.0;4.95;D;false
12/06/2018;Kia;Ceed;2007;1.6;173.0;4.2;D;true
08/03/2021;Toyota;RAV4;2011;2.2;212.0;10.999;D;false
6/19/2022;Audi;A3;2010;1.6;79.0;9.9;D;true
09/10/2019;Renault;Kangoo;2002;1.9;201.0;3.2;D;false
7/28/2017;Mitsubishi;Galant;2000;2.4;185.0;700;P;false
10/25/2019;Volvo;S80;1999;2.5;316.0;2.55;D;true
9/13/2019;Audi;A4;2003;2.5;230.0;3.9;D;true
8/15/2019;Volkswagen;Golf4;2002;1.6;235.0;2.1;P;true
03/04/2022;LandRover;RangeRoverSport;2013;3.0;78.0;41;D;true
11/19/2018;Mercedes;Sprinter;2006;2.2;225.0;7.9;D;false
4/26/2018;Bmw;3;2004;2.0;285.0;3.1;D;true
8/26/2018;Audi;A4;1997;1.9;331.0;1.48;D;false
7/16/2020;Volvo;V70;2008;2.4;232.0;7.99;D;false
10/10/2017;Subaru;OUTBACK;2008;2.5;230.0;6.3;P;true
5/19/2021;Kia;Ceed;2010;1.6;90.0;4;D;true
3/31/2018;Ford;Tourneo;2003;1.8;270.0;900;D;true
1/13/2019;Volkswagen;Passat(B6);2006;2.0;400.0;4.355;D;true
03/10/2022;Volkswagen;Passat(B5);1998;1.9;428.0;1.16;D;false
06/02/2020;Mercedes;Sprinter;2001;2.2;195.0;5.2;D;false
11/08/2018;Volkswagen;Passat(B5);1999;1.9;334.0;1.7;D;true
6/24/2018;Toyota;Auris;2011;1.3;241.0;6.5;P;true
09/05/2021;Citroen;Berlingo;2012;1.6;280.0;5;D;false
05/04/2020;Audi;A6;2005;2.4;227.0;5.2;P;true
2/27/2022;Opel;Signum;2006;1.9;393.0;3.35;D;true
09/08/2020;Opel;Vectra;2003;2.2;257.0;1.499;D;true
8/19/2017;Volvo;XC90;2004;2.4;280.0;6;D;true
6/17/2021;Peugeot;Expert;2015;2.0;24.0;19.5;D;true
07/07/2019;Skoda;Octavia;1999;1.9;379.0;1.64;D;true
10/22/2018;Mazda;626;2001;2.0;270.0;700;P;true
8/28/2017;Audi;A6;1997;1.9;410.0;2.3;D;true
09/10/2017;Volvo;V40;2002;1.9;280.0;2.29;D;false
10/16/2017;Renault;Kangoo;2011;1.5;263.0;4.2;D;true
4/30/2022;Toyota;CorollaVerso;2009;2.2;125.0;6.89;D;false
07/07/2018;Volvo;S80;2007;2.4;181.0;8.1;D;false
09/10/2021;Renault;Clio;2000;1.9;25.0;790;D;true
2/14/2018;Hyundai;SantaFE;2007;2.2;180.0;6.89;D;false
12/16/2019;Opel;Combo;2006;1.7;135.0;1.2;D;true
06/03/2021;Opel;Zafira;2003;2.2;307.0;2.95;D;false
01/11/2021;Bmw;5;2005;2.5;320.0;5.45;D;false
1/22/2022;Volvo;V40;2001;1.9;192.0;2.25;D;true
01/08/2018;Honda;Civic;2007;1.8;267.0;4.39;P;false
10/09/2020;Mazda;323;2000;1.6;323.0;500;P;false
5/13/2020;Volkswagen;Passat(B4);1993;1.9;350.0;700;D;true
09/04/2022;Mercedes;E;2004;3.2;176.0;6.999;P;false
05/03/2022;Volvo;S80;2011;2.0;220.0;11.45;D;false
5/21/2020;Opel;Zafira;2006;1.9;226.0;3.2;D;true
02/02/2018;Nissan;Qashqai;2012;1.6;178.0;12.5;D;false
11/25/2019;Audi;A4;2001;1.9;230.0;2.199;D;true
2/29/2020;Volvo;XC60;2009;2.4;196.0;12.7;D;false
11/14/2020;Toyota;Yaris;2006;1.3;180.0;3.9;P;true
1/18/2020;Volvo;S60;2012;2.0;110.0;12.65;D;true
12/30/2017;Mercedes;Vito;2003;2.2;336.0;3.7;D;false
4/29/2022;Opel;Meriva;2007;1.7;211.0;4.19;D;false
05/12/2018;Opel;Astra;2009;1.7;214.0;4.9;D;false
1/24/2021;Bmw;X6;2009;3.5;190.0;22;D;false
9/14/2020;Volkswagen;Caravelle;2013;2.0;125.0;17.25;D;false
10/05/2021;Mitsubishi;Lancer;1993;2.0;280.0;400;P;false
11/17/2021;Audi;A6;2003;1.9;260.0;4.35;D;true
06/10/2021;Toyota;Avensis;2006;2.4;222.0;4.2;P;false
12/05/2021;Bmw;5;1993;2.5;389.0;800;D;false
10/10/2017;Opel;Zafira;2008;1.7;257.0;4.4;D;true
9/29/2019;Opel;Astra;2000;1.6;357.0;800;P;true
10/22/2020;Audi;A4;1998;1.8;368.0;1.39;P;true
1/21/2020;Mercedes;CLK;1998;2.3;230.0;1.2;P;false
12/02/2021;Bmw;X6;2014;3.0;70.0;39.9;D;true
7/24/2018;Lexus;RX;2013;3.0;151.0;30.95;D;false
04/07/2022;Audi;A3;1999;1.6;287.0;1.998;P;true
10/20/2020;Audi;A4;1997;1.6;332.0;1.19;P;true
6/21/2021;Bmw;5;2002;3.0;440.0;2.65;D;false
6/19/2020;Volkswagen;Golf4;2003;1.6;221.0;1.85;P;true
2/14/2022;Volvo;V70;2004;2.4;266.0;3.49;D;false
8/29/2020;Peugeot;508;2011;1.6;88.0;8.8;D;false
6/21/2017;Audi;A4;2002;2.5;262.0;3.45;D;false
11/25/2020;Bmw;5;1994;2.5;335.0;799;D;true
5/25/2020;Bmw;5;1996;2.0;324.0;1.45;P;false
7/20/2021;Opel;Omega;2004;2.2;229.0;2.15;D;true
3/26/2021;Opel;Vivaro;2004;1.9;213.0;4.19;D;false
11/03/2018;Volkswagen;Golf4;1999;1.9;320.0;1.25;D;false
8/18/2022;Opel;Meriva;2004;1.7;269.0;2.95;D;false
1/30/2022;Volkswagen;Golf3;1991;1.9;56.0;1.25;D;false
5/28/2019;Mazda;MPV;2000;2.0;400.0;750;P;false
06/02/2019;Renault;Modus;2005;1.4;275.0;2.1;D;false
3/18/2018;Volkswagen;Passat(B3);1992;1.8;310.0;200;P;false
3/26/2022;Volkswagen;Golf5;2006;1.9;217.0;4.1;D;false
8/22/2021;D0A3D0B0D0B7;3303;1991;2.5;12.0;450;P;true
5/28/2022;Mazda;Mazda6;2003;1.8;272.0;1.6;P;false
5/27/2022;Peugeot;306;1998;1.6;346.0;215;P;true
4/20/2020;Opel;Astra;2005;1.7;358.0;2.57;D;false
07/07/2022;Opel;Astra;1994;1.6;180.0;500;P;false
8/18/2020;Mercedes;Sprinter;2008;2.2;370.0;8.9;D;false
9/20/2018;Hyundai;Terracan;2003;2.9;248.0;3;D;false
06/12/2021;Bmw;3;1994;1.8;220.0;850;P;false
12/18/2018;Volkswagen;Transporter;1995;2.4;297.0;1.899;D;false
5/20/2018;Mercedes;C;1997;2.2;269.0;1.1;D;false
6/24/2019;Opel;Vectra;2000;2.2;250.0;1;D;true
11/25/2020;Audi;80;1994;2.0;403.0;1.05;P;false
6/14/2017;Mercedes;Sprinter;2008;2.2;231.0;7;D;false
7/23/2021;Volvo;V70;2003;2.4;269.0;3.1;D;false
11/28/2021;Audi;80;1993;1.9;277.0;800;D;true
12/30/2020;LandRover;Discovery;2005;2.7;209.0;8.8;D;true
3/21/2019;Volvo;C70;2000;2.4;241.0;2;P;false
7/26/2018;Audi;A4;1999;2.5;361.0;1.8;D;true
12/22/2019;Infinity;D094D180D183D0B3D0B8D0B5;2013;3.5;82.0;33;P;false
1/29/2022;Audi;A3;1998;1.6;250.0;1.55;P;true
07/05/2017;Opel;Vectra;2003;2.2;227.0;2.3;D;true
9/28/2022;Opel;Astra;1999;2.0;254.0;900;D;true
06/11/2018;Chrysler;Voyager;2001;2.5;210.0;1.9;D;true
7/16/2019;Bmw;5;2006;3.0;214.0;9.1;D;false
1/30/2022;Peugeot;Partner;2004;1.9;301.0;800;D;false
10/31/2020;Opel;Vectra;1997;2.0;300.0;650;D;true
3/14/2022;Mitsubishi;L200;2008;2.5;251.0;8.2;D;true
9/27/2018;Volkswagen;Tiguan;2010;2.0;157.0;12.25;P;false
05/01/2022;Audi;Quattro;1997;1.9;468.0;1.27;D;false
5/28/2018;Seat;Ibiza;2012;1.4;105.0;4.55;D;false
8/27/2018;Citroen;Berlingo;1998;1.9;370.0;700;D;false
04/09/2021;Renault;Trafic;2007;2.0;224.0;7.1;D;true
06/11/2018;Audi;Q5;2010;3.0;311.0;14.9;D;true
1/22/2020;Renault;Laguna;2009;1.5;160.0;4.9;D;false
6/13/2021;Seat;Toledo;2007;1.9;75.0;5.4;D;true
8/25/2017;Ford;Transit;1998;2.5;154.0;1.2;D;false
11/08/2021;Toyota;Corolla;2005;1.4;264.0;2.95;P;true
7/31/2021;Peugeot;Partner;2004;1.4;244.0;1.9;P;false
5/26/2020;Volkswagen;Golf3;1995;1.6;304.0;890;P;false
7/17/2021;Renault;Master;2000;2.8;85.0;1.899;D;true
7/20/2017;Volkswagen;Golf2;1991;1.6;227.0;545;P;true
9/20/2021;Mercedes;C;2002;2.2;347.0;2.4;D;true
6/29/2022;Mitsubishi;Pajero;2002;3.2;279.0;4;D;true
5/19/2022;Nissan;X-Trail;2005;2.2;300.0;3.65;D;true
3/25/2021;Mitsubishi;Carisma;2000;1.8;228.0;880;P;false
05/06/2022;Volvo;S40;2001;1.9;310.0;1.75;D;true
2/21/2018;Nissan;Qashqai;2012;2.0;68.0;11.5;P;false
8/23/2017;Bmw;5;2000;2.5;280.0;2;D;false
9/24/2021;Volkswagen;Passat(B5);1997;1.9;275.0;1.25;D;false
8/21/2019;Mercedes;ML;2003;2.7;223.0;5.5;D;false
2/14/2022;Bmw;3;2007;2.0;250.0;8.5;P;false
1/24/2018;Toyota;RAV4;2012;2.0;84.0;14;P;true
12/08/2021;Opel;Signum;2005;1.9;300.0;4;D;true
12/10/2019;Saab;09-may;1999;2.3;317.0;1.3;P;false
12/26/2019;Volvo;V40;2001;1.9;398.0;2.199;D;false
01/04/2022;Skoda;Octavia;2014;2.0;136.0;14.5;D;true
08/10/2021;Skoda;Octavia;2007;1.6;49.0;3.95;P;false
10/02/2019;Volvo;XC90;2004;2.4;262.0;7;D;true
06/05/2018;Volvo;S40;2001;1.9;287.0;1.75;D;false
9/24/2021;Volvo;V40;2000;1.9;365.0;1.2;D;false
6/24/2019;Alfaromeo;147;2006;1.8;150.0;1.8;D;true
07/12/2021;D0B8D0B6;412;1987;1.5;37.0;140;P;true
07/02/2018;Peugeot;307;2006;1.6;189.0;3.45;D;false
10/04/2022;Bmw;3;2006;1.8;182.0;6.5;P;false
9/17/2017;Renault;Trafic;2010;2.0;162.0;8.99;D;false
10/19/2018;Opel;Zafira;2004;2.2;198.0;2.55;D;true
04/01/2021;Volkswagen;Golf3;1997;1.9;291.0;900;D;true
7/28/2019;Ford;Mondeo;2001;2.0;210.0;1.6;D;false
6/29/2017;Saab;09-may;2005;2.2;202.0;2.7;D;false
09/04/2020;Saab;09-may;2005;2.2;202.0;2.7;D;true
10/13/2019;Bmw;5;2007;3.0;216.0;11.49;D;false
5/27/2019;Renault;GrandScenic;2007;1.9;220.0;3.55;D;false
12/04/2018;Nissan;Almera;2000;1.5;136.0;800;P;false
10/06/2019;Opel;Astra;1998;2.0;318.0;1.4;D;false
1/22/2021;Opel;Astra;1998;2.2;318.0;1.4;D;false
3/22/2022;Ford;Mondeo;2001;2.0;210.0;1.6;D;false
4/15/2019;Mazda;323;1998;1.5;210.0;525;P;true
03/12/2019;Audi;A4;2004;1.9;230.0;4;D;false
02/11/2018;Mercedes;ML;2007;3.0;232.0;10.99;D;false
09/04/2020;Volkswagen;Caddy;2006;2.0;229.0;4.73;D;false
2/27/2022;Honda;Accord;2007;2.4;87.0;7.5;P;true
9/16/2019;Audi;A4;2006;2.0;217.0;4.95;D;false
06/06/2020;Ford;Focus;2006;1.6;204.0;3.39;D;true
7/26/2021;Opel;Corsa;2001;1.7;165.0;1.95;D;false
09/06/2022;Volvo;S60;2002;2.4;253.0;3;P;false
10/06/2017;Ford;Escort;1996;1.6;238.0;400;P;false
11/25/2019;Volkswagen;Golf4;2002;1.9;214.0;2.65;D;true
5/19/2020;Volkswagen;Transporter;2002;2.5;266.0;3.15;D;true
9/30/2019;Audi;A4;2006;2.0;211.0;5.45;D;true
3/28/2020;Dodge;GrandCaravan;1996;3.3;357.0;1.1;P;false
01/09/2019;Peugeot;307;2006;1.6;261.0;3.35;D;true
4/18/2018;Audi;100;1991;2.3;380.0;500;P;false
1/21/2021;Volkswagen;Passat(B7);2012;2.0;185.0;14.35;D;true
10/25/2021;Mercedes;C;2004;2.7;226.0;5.25;D;true
08/04/2018;Volkswagen;Passat(B7);2011;2.0;199.0;9.99;D;true
10/26/2019;Mitsubishi;L200;2008;2.5;208.0;7.1;D;false
09/02/2020;Toyota;Avensis;2006;2.0;130.0;5.1;P;false
9/22/2019;Audi;A4;2000;1.9;339.0;1.75;D;true
07/02/2021;Opel;Zafira;2007;1.9;233.0;5;D;true
3/29/2020;Ford;Focus;2009;1.6;151.0;3.9;D;true
1/23/2020;Audi;A6;2006;2.7;235.0;6.3;D;true
02/06/2020;Audi;A6;2002;2.5;274.0;2.45;D;false
07/10/2022;Audi;A4;1995;2.5;299.0;900;P;false
8/18/2019;Audi;A3;1999;1.9;300.0;1.4;D;false
8/25/2020;Ford;Mondeo;2000;1.8;322.0;1.2;D;true
01/02/2020;Toyota;Avensis;2008;2.0;187.0;5.99;D;false
02/12/2022;Volkswagen;Caddy;2013;1.6;185.0;7.9;D;false
09/07/2018;Peugeot;Expert;2015;2.0;50.0;19.5;D;true
10/03/2021;Audi;Q7;2007;3.0;292.0;15.2;D;false
7/14/2018;Nissan;X-Trail;2004;2.2;216.0;4.6;D;false
12/01/2019;Audi;Q7;2007;3.0;295.0;13.1;D;true
8/18/2019;-;Nova;2001;0.5;40.0;2;D;true
03/03/2019;Mercedes;V;1998;2.3;379.0;1.9;D;false
9/13/2018;Volkswagen;Golf4;2000;1.9;272.0;2.35;D;true
05/09/2019;Bmw;5;2006;2.5;250.0;5.9;D;true
9/13/2017;Audi;A4;2009;2.0;190.0;9.5;D;false
3/29/2021;Ford;FocusC-Max;2009;1.8;177.0;5.3;D;false
9/27/2018;Mercedes;SLK;1998;2.3;182.0;3.1;P;false
11/13/2019;Volvo;XC60;2013;2.0;64.0;21.912;D;false
5/17/2021;Kia;RIO;2004;1.5;166.0;1.25;P;false
4/14/2020;Volkswagen;Sharan;2005;1.9;290.0;3.9;D;true
02/08/2021;Peugeot;Boxer;1994;1.9;400.0;300;D;true
05/03/2018;Opel;Astra;1993;1.4;325.0;270;P;true
04/03/2021;Volkswagen;Golf6;2010;1.6;230.0;6.5;D;false
7/15/2019;Volkswagen;Caravelle;2011;2.0;198.0;14.9;D;false
3/24/2018;Audi;A4;2009;2.0;256.0;9.09;D;true
3/26/2018;Kia;Sorento;2006;2.5;203.0;5.35;D;true
07/11/2022;Audi;A6;2012;3.0;170.0;24.8;D;true
06/11/2017;Renault;Espace;1999;2.0;290.0;1.6;P;true
12/04/2019;Volvo;XC70;2008;2.4;270.0;7.35;D;true
3/31/2018;Ford;Tourneo;2004;1.8;139.0;3.1;D;false
9/19/2022;Opel;Vectra;1989;2.0;237.0;685;P;false
01/04/2021;Volkswagen;Passat(B5);2002;1.9;135.0;1.05;D;true
4/20/2021;Peugeot;407;2005;2.0;83.0;3.55;P;false
05/03/2022;Toyota;Avensis;2005;2.0;200.0;3.99;P;true
8/19/2022;Renault;Scenic;2007;1.5;170.0;2.77;D;false
6/29/2017;Citroen;C4Picasso;2009;1.6;124.0;4.49;D;true
05/12/2020;Nissan;Patrol;1998;2.8;123.0;2.9;D;false
7/16/2018;Bmw;1;2008;2.0;141.0;7.199;D;true
11/19/2019;Citroen;Xsara;2004;2.0;126.0;1.775;P;false
10/09/2019;Mercedes;ML;2012;3.0;164.0;33.4;D;false
11/23/2017;Ford;Galaxy;2005;1.9;235.0;3.65;D;true
3/13/2020;Kia;Carens;2004;2.0;209.0;2.075;D;true
03/04/2019;Peugeot;307;2006;1.6;210.0;2.87;D;false
03/06/2021;Mercedes;E;2002;2.7;395.0;4.9;D;false
07/01/2018;Chrysler;Voyager;2003;2.5;243.0;2.475;D;false
11/24/2020;Volkswagen;Touareg;2004;4.2;132.0;6.899;P;true
06/08/2018;Mercedes;CLK;1998;2.3;243.0;1.52;P;true
6/30/2018;Audi;A4;2005;3.0;230.0;6.4;D;false
04/09/2022;Bmw;7;2004;3.0;290.0;6.05;D;false
10/29/2020;Audi;Q7;2007;3.0;343.0;12.5;D;false
08/06/2017;D0B2D0B0D0B7;2119;2008;1.6;35.0;999;P;false
6/14/2018;Volkswagen;Touran;2006;1.9;222.0;5;D;true
12/22/2017;Audi;A3;2010;2.0;191.0;9.8;P;false
04/10/2021;Volkswagen;Multivan;2015;2.0;65.0;34.5;D;true
3/18/2021;Nissan;Qashqai;2010;1.5;69.0;9.75;D;true
7/28/2022;Opel;Astra;2003;2.2;280.0;2.05;D;true
10/29/2020;Audi;A8;1998;2.5;372.0;1.3;D;false
2/24/2021;Audi;A3;2004;2.0;162.0;4.5;D;true
5/28/2019;Volkswagen;Touareg;2012;3.0;150.0;23.99;D;false
8/28/2020;Mercedes;E;2008;2.2;221.0;6.6;D;false
02/02/2020;Bmw;5;1997;2.0;324.0;1.27;P;false
12/30/2019;Mitsubishi;Colt;1992;1.2;215.0;200;P;false
1/31/2020;Ford;Focus;2009;1.6;159.0;3.999;D;true
09/10/2022;Volkswagen;Passat(B7);2011;2.0;210.0;11.299;D;true
5/16/2021;Bmw;5;2003;3.0;250.0;6.7;D;true
09/11/2018;Audi;A6;2007;3.0;210.0;7.98;D;false
11/04/2017;Toyota;RAV4;2008;2.2;160.0;7.98;D;true
01/04/2019;Bmw;5;2004;2.5;232.0;5.9;D;false
10/13/2020;Ford;Focus;2006;1.6;250.0;2.6;P;true
08/06/2019;Peugeot;Partner;2000;1.9;288.0;1.7;D;false
11/25/2020;Toyota;RAV4;2002;2.0;170.0;4.99;D;false
05/01/2021;Volvo;XC90;2005;2.4;198.0;7.45;D;true
8/21/2019;Dodge;RAM;2006;5.7;168.0;9.9;P;false
05/09/2018;Bmw;3;1998;2.0;301.0;1.2;P;true
9/27/2020;Hyundai;Terracan;2006;2.9;225.0;4.5;D;true
10/29/2019;Chrysler;GrandVoyager;2007;2.8;118.0;6.5;D;true
3/18/2020;Volkswagen;Sharan;2007;1.9;235.0;4.45;D;false
3/17/2019;Chrysler;GrandVoyager;2000;2.5;299.0;1.699;D;false
9/17/2021;Ford;Transit;2004;2.0;291.0;2.85;D;false
7/31/2022;Skoda;Octavia;2013;2.0;160.0;12.7;D;false
8/21/2017;Nissan;X-Trail;2007;2.0;219.0;9.6;D;false
4/30/2018;Lexus;RX;2014;3.5;15.0;44.9;H;true
10/09/2018;Ford;Transit;2008;2.4;250.0;4.999;D;true
09/03/2018;Volkswagen;Golf2;1991;1.6;547.0;550;D;true
6/26/2021;Citroen;C4Picasso;2012;2.0;163.0;9.5;D;false
11/15/2018;Toyota;RAV4;2008;2.2;113.0;9.5;D;false
10/22/2021;Saab;09-may;2002;3.0;195.0;800;D;false
2/25/2018;Bmw;5;2010;3.0;131.0;19.9;D;true
9/19/2019;Audi;A7;2011;2.8;83.0;22.9;P;false
08/05/2019;Bmw;3;2000;3.0;336.0;3.9;D;true
4/16/2018;Chrysler;PTCruiser;2003;2.2;120.0;3.5;D;false
1/24/2021;Volvo;S80;2007;4.4;120.0;12.8;P;false
9/27/2022;Renault;Scenic;2004;1.6;260.0;2.75;P;true
09/03/2018;Mini;Clubman;2008;1.6;59.0;9.9;P;true
8/21/2021;Audi;A6;2006;3.0;210.0;7.6;D;false
10/19/2021;Audi;A5;2012;2.0;168.0;23.8;D;false
11/03/2017;Chrysler;Voyager;2006;2.5;177.0;3.55;D;true
03/02/2022;Mercedes;S;2000;5.0;300.0;4.45;P;true
3/24/2021;Volvo;V70;2005;2.4;243.0;3.45;D;false
03/12/2020;Renault;Trafic;2005;2.5;220.0;4.85;D;true
04/05/2021;Peugeot;Boxer;2009;2.2;257.0;4.7;D;true
12/12/2019;Volvo;S80;2006;2.4;222.0;4.65;D;false
1/21/2018;Opel;Zafira;2004;2.2;222.0;2.25;D;false
2/13/2021;Bmw;3;1999;2.3;269.0;2.75;P;false
03/11/2019;Toyota;RAV4;2007;2.2;158.0;7.75;D;true
11/21/2017;Peugeot;Expert;2001;2.0;254.0;1.6;D;false
08/10/2021;Chrysler;Pacifica;2005;3.8;186.0;2.4;P;false
11/08/2018;Audi;A6;1999;1.8;225.0;1.93;P;true
06/01/2020;Renault;Trafic;2011;2.0;168.0;7.85;D;false
08/12/2018;Citroen;Jumper;2009;2.2;280.0;4.6;D;false
03/06/2021;Opel;Vivaro;2007;2.0;247.0;6.45;D;false
07/04/2017;Audi;A6;2013;3.0;94.0;23.4;D;true
10/31/2018;Audi;A2;2002;1.4;305.0;2;D;true
7/31/2022;Skoda;Octavia;2010;2.0;158.0;8.95;D;true
09/12/2020;Volkswagen;Passat(B7);2013;2.0;200.0;13.35;D;true
04/10/2020;Bmw;3;2004;2.0;235.0;2.75;D;false
03/02/2018;Volkswagen;Passat(B6);2007;2.0;203.0;5.67;D;false
10/08/2021;Audi;Quattro;1993;2.8;401.0;1;P;true
1/13/2019;Volkswagen;Tiguan;2013;2.0;65.0;21;D;true
7/28/2018;Audi;100;1990;2.0;377.0;550;P;true
12/09/2017;LandRover;RangeRoverSport;2016;3.0;19.0;60;D;false
2/29/2020;Bmw;3;2000;2.0;381.0;2.8;P;true
4/23/2018;Peugeot;307;2004;1.6;248.0;1.49;P;true
12/10/2017;Volvo;XC70;2006;2.4;284.0;6.6;D;false
4/22/2018;Ford;Transit;2005;2.0;230.0;2.07;D;true
08/12/2018;Suzuki;Vitara;1990;1.6;200.0;700;P;true
04/04/2020;Peugeot;Expert;2003;1.9;260.0;2.3;D;false
11/23/2021;Fiat;Stilo;2002;1.6;142.0;1.5;P;true
08/01/2019;Bmw;5;2007;3.0;199.0;8.5;D;false
3/29/2022;Opel;Meriva;2012;1.4;32.0;9.2;P;true
11/21/2019;Audi;A4;2003;2.0;246.0;3.8;P;false
10/15/2021;Mercedes;Sprinter;2001;2.1;140.0;1.8;D;true
12/31/2020;Opel;Movano;2016;2.3;22.0;19.9;D;false
10/09/2020;Opel;Astra;1999;2.0;254.0;950;D;false
3/30/2022;Volkswagen;Passat(B6);2007;2.0;141.0;5.79;D;false
8/29/2017;Chrysler;GrandVoyager;2006;2.8;159.0;5.3;D;false
11/14/2021;Opel;Astra;2003;1.7;225.0;1.3;D;false
10/22/2017;Honda;Accord;2006;2.4;155.0;4.5;P;true
07/01/2019;Opel;Astra;2005;1.4;193.0;1.6;P;false
12/28/2019;Skoda;Fabia;2011;1.6;154.0;5.99;D;true
8/13/2020;Audi;A4;1995;1.9;422.0;1.15;D;false
03/08/2018;Volvo;V60;2011;2.0;199.0;9.9;D;true
7/16/2022;Honda;Accord;2009;2.2;149.0;8.9;D;false
5/18/2022;Ford;Mondeo;2012;2.0;54.0;12.9;P;true
11/19/2018;Opel;Tigra;1996;1.4;250.0;750;P;true
03/03/2018;Ford;Fiesta;2015;1.2;33.0;8.9;P;false
07/02/2021;Volvo;S60;2008;2.4;232.0;6.05;D;true
1/30/2018;Ford;Focus;2016;1.0;18.0;13.7;P;true
10/10/2019;Kia;Sorento;2010;2.2;156.0;10.9;D;true
8/25/2017;Ford;Focus;2016;1.0;20.0;13.5;P;false
9/16/2021;Ford;FocusC-Max;2004;1.6;178.0;2.95;D;false
5/19/2019;Volkswagen;Golf4;2005;1.9;236.0;3.09;D;true
8/23/2022;Renault;Kangoo;2007;1.5;258.0;2.25;D;true
12/24/2017;Volvo;XC70;2012;2.4;180.0;18.1;D;false
8/15/2018;Renault;GrandEspace;2005;2.2;161.0;3;D;false
8/15/2021;Mercedes;C;2003;2.7;360.0;2.9;D;false
10/05/2019;Mercedes;GLK;2009;3.0;249.0;15;D;true
10/01/2018;Bmw;3;2004;1.8;172.0;3.7;P;true
8/19/2021;Ford;Focus;2015;1.6;29.0;14.2;P;true
07/03/2017;Ford;Focus;2015;1.0;37.0;12.9;P;true
08/06/2017;Bmw;3;1993;2.0;329.0;550;P;true
8/27/2019;Audi;A6;1997;2.5;516.0;1.2;D;true
01/12/2019;Peugeot;307;2003;2.0;237.0;2.35;D;true
5/20/2019;Nissan;Navara;2007;2.5;123.0;6.9;D;true
09/03/2017;Toyota;LandCruiser;2007;3.0;244.0;11.99;D;true
08/05/2019;Volkswagen;Sharan;2007;2.0;184.0;5.6;D;true
10/09/2022;Nissan;X-Trail;2011;2.0;74.0;13.5;D;true
10/02/2017;Audi;Allroad;2008;2.7;211.0;8.4;D;false
8/15/2017;Opel;Zafira;2004;2.2;216.0;1.7;D;false
11/22/2020;Subaru;OUTBACK;1999;2.5;300.0;747;P;true
8/26/2019;Citroen;C5;2008;2.2;183.0;3.25;D;true
07/10/2017;Bmw;3;2005;2.0;241.0;3.25;D;false
11/25/2020;Ford;StreetKA;2004;1.6;79.0;3;P;true
07/04/2022;Fiat;Doblo;2007;1.3;333.0;1.69;D;false
10/21/2021;Kia;Sorento;2006;2.5;209.0;4.999;D;false
11/08/2019;Volkswagen;Sharan;2013;2.0;81.0;23.995;D;false
3/14/2018;Audi;A6;2006;3.0;226.0;7.99;D;false
05/10/2021;Volkswagen;Touareg;2007;2.5;230.0;8.95;D;true
7/25/2021;Audi;A4;2006;2.0;209.0;6.375;D;false
11/12/2020;Nissan;X-Trail;2008;2.0;180.0;8.995;D;false
4/28/2021;Mercedes;E;2004;2.7;255.0;4.45;D;true
07/07/2020;Chrysler;GrandVoyager;2005;2.8;194.0;4.69;D;false
4/16/2022;Nissan;X-Trail;2006;2.2;170.0;5.35;D;false
10/11/2020;Nissan;Qashqai;2010;1.5;126.0;9.45;D;false
11/27/2021;Audi;A4;2000;1.9;272.0;2.5;D;false
03/02/2021;Kia;Sorento;2007;2.5;206.0;6.79;D;false
11/04/2017;Audi;A3;2009;1.6;92.0;10.95;D;true
6/28/2021;Bmw;3;2007;3.0;216.0;8.35;D;false
7/20/2020;Toyota;Avensis;2006;2.2;243.0;5.35;D;false
6/20/2020;Volkswagen;Transporter;2004;1.9;181.0;5;D;false
7/21/2020;Opel;Astra;2002;1.6;182.0;1.45;P;false
01/12/2021;Mercedes;C;2001;2.2;276.0;2.95;D;false
4/15/2018;Ford;Mondeo;1998;1.8;279.0;165;D;true
4/22/2022;LandRover;RangeRoverEvoque;2012;2.2;41.0;29.9;D;false
04/05/2021;Renault;Scenic;2000;1.9;326.0;1.5;D;true
11/13/2018;Chrysler;Voyager;2006;2.8;205.0;3.4;D;true
08/03/2020;Volkswagen;Sharan;2006;1.9;242.0;4.95;D;false
1/28/2021;Dacia;Logan;2007;1.6;169.0;1.85;P;false
4/29/2019;Opel;Astra;1998;1.6;251.0;950;P;false
06/02/2018;D0B2D0B0D0B7;1200;1985;1.2;50.0;2.85;P;true
03/02/2022;Nissan;X-Trail;2005;2.2;213.0;4.3;D;true
3/18/2019;Renault;GrandScenic;2009;1.5;230.0;3.75;D;true
02/07/2020;Kia;Sportage;2005;2.0;227.0;5.999;D;true
12/19/2017;Chrysler;GrandVoyager;2007;2.8;199.0;5.7;D;false
3/30/2019;Citroen;DS;2011;2.0;112.0;10.45;D;false
3/17/2018;Jaguar;X-Type;2006;2.2;220.0;3.6;D;false
6/14/2018;Citroen;Berlingo;2008;1.6;280.0;2.38;D;false
08/04/2017;Peugeot;207;2006;1.4;83.0;3.6;P;false
05/12/2020;Audi;A4;2001;1.9;232.0;2.9;D;true
10/26/2021;Nissan;Navara;2004;2.5;263.0;5.25;D;true
05/11/2019;Volkswagen;Phaeton;2004;3.0;269.0;4.5;P;true
5/17/2020;Volkswagen;Caddy;2000;1.9;178.0;790;D;false
12/05/2017;Chrysler;Town&Country;2003;3.8;176.0;2.85;P;true
2/20/2022;Volkswagen;Caravelle;2007;2.5;250.0;7.889;D;false
07/10/2019;Volkswagen;Golf4;2000;1.6;250.0;1.5;P;true
3/17/2022;Volkswagen;Touran;2008;2.0;227.0;5;D;false
12/05/2019;Volkswagen;Golf3;1994;1.8;103.0;699;P;false
02/01/2018;Honda;FR-V;2007;2.2;245.0;6;D;false
9/19/2022;Volkswagen;Golf4;2004;1.9;236.0;3.08;D;true
7/16/2021;Chrysler;Sebring;2006;2.0;108.0;2.2;P;true
2/16/2021;Volkswagen;Polo;2006;1.9;218.0;4;D;true
12/16/2019;Volkswagen;Polo;1996;1.6;115.0;1.19;P;false
7/29/2022;Opel;Zafira;2002;2.0;190.0;2.77;D;true
05/09/2019;Subaru;Legacy;2007;2.0;209.0;6.1;P;true
7/16/2022;Mercedes;A;2002;1.6;178.0;2;P;false
04/08/2019;Volkswagen;Golf4;1998;1.9;280.0;1.55;D;false
11/12/2021;Peugeot;406;2002;2.2;910.0;1.35;D;true
4/15/2019;Opel;Vivaro;2003;1.9;306.0;2.75;D;true
11/11/2021;Opel;Astra;2008;1.8;211.0;3.7;P;false
05/06/2020;Volkswagen;Caddy;2004;2.0;235.0;2.65;D;true
2/23/2019;Mercedes;Viano;2013;2.2;157.0;28.4;D;false
6/23/2017;Opel;Zafira;2008;1.9;254.0;4.95;D;true
2/24/2021;Hyundai;SantaFE;2002;2.0;150.0;1.9;D;false
09/06/2017;Nissan;Pulsar;2015;1.2;34.0;18.999;P;false
11/18/2017;Mercedes;E;2010;3.0;350.0;15;D;true
11/25/2018;Toyota;LandCruiser;2010;3.0;290.0;22.5;D;true
9/14/2017;Hyundai;SantaFE;2007;2.2;319.0;6.45;D;false
12/31/2018;Audi;A4;2003;1.9;231.0;4.1;D;false
08/08/2020;Volvo;V70;2010;1.6;225.0;7.45;D;true
1/14/2019;Audi;A8;2000;2.5;464.0;2.55;D;false
6/13/2021;Volvo;V50;2008;2.0;287.0;4.29;D;true
01/09/2018;Lexus;IS;2000;2.0;290.0;2.95;P;true
4/24/2021;Volkswagen;Caddy;2004;1.9;450.0;2.2;D;false
8/30/2017;Renault;Kangoo;2005;1.6;240.0;1.95;P;true
12/12/2021;Chrysler;PTCruiser;2000;2.0;220.0;1.95;P;false
9/20/2018;Audi;A6;2005;2.4;227.0;4.99;P;true
11/24/2019;Nissan;Note;2007;1.6;196.0;3.1;P;false
4/20/2021;Volvo;XC90;2010;2.4;240.0;14;D;false
11/30/2018;Audi;A4;2008;2.0;196.0;8.75;D;false
05/12/2020;Toyota;RAV4;2006;2.0;132.0;8.1;P;true
3/16/2022;Subaru;Impreza;1995;2.0;129.0;3.998;P;false
09/12/2019;Volkswagen;Sharan;1999;1.9;271.0;2.25;D;false
10/27/2019;Honda;Civic;2002;1.6;290.0;1.45;P;true
7/16/2019;LandRover;RangeRover;2004;3.0;277.0;7.65;D;true
08/04/2021;Citroen;Berlingo;2010;1.6;159.0;3.5;D;true
8/25/2019;Hyundai;i40;2013;1.7;111.0;14.9;D;true
10/06/2017;Bmw;5;2004;2.5;251.0;7.3;D;false
6/27/2020;Opel;Insignia;2014;2.0;116.0;13.7;D;false
06/06/2021;Chrysler;GrandVoyager;2003;3.8;204.0;4.9;P;false
3/31/2020;Mercedes;Vito;2007;2.2;228.0;8.3;D;true
3/17/2020;Bmw;3;2001;3.0;258.0;3.65;D;false
6/28/2021;Volkswagen;Passat(B4);1996;1.9;235.0;1.45;D;true
1/16/2020;Honda;Jazz;2002;1.6;131.0;3.2;P;true
12/21/2018;Toyota;Auris;2013;1.6;75.0;11.9;P;true
06/11/2020;Bmw;5;2004;2.5;251.0;7.3;D;false
2/26/2022;Volvo;V70;2002;2.4;398.0;2.6;D;true
11/24/2020;LandRover;RangeRoverSport;2005;2.7;209.0;10.8;D;true
02/07/2020;Audi;A6;2009;2.7;234.0;9.99;D;true
10/04/2020;Fiat;Punto;2001;1.2;215.0;750;P;true
05/09/2021;Toyota;Camry;2002;2.4;28.0;2.7;P;false
12/27/2018;Honda;Hr-v;2001;1.6;390.0;1.4;P;false
8/24/2022;Hyundai;Galloper;1999;2.5;216.0;1.8;D;true
6/22/2018;Opel;Vectra;2001;2.2;222.0;1.25;P;false
10/14/2018;Audi;A4;2008;3.0;238.0;9.55;D;true
08/10/2017;Citroen;C5;2008;1.6;215.0;4.75;D;false
4/13/2018;Mini;CooperS;2007;1.6;121.0;5.5;P;false
8/24/2020;Renault;Espace;2007;2.0;211.0;4.7;D;true
2/13/2022;Renault;Scenic;2006;1.5;254.0;2.25;D;true
11/10/2018;Volvo;V50;2008;2.4;209.0;6.99;D;false
3/23/2018;Audi;80;1993;1.9;312.0;1;D;true
2/19/2022;Mercedes;CL;2000;6.0;240.0;7.7;P;false
7/28/2017;Volkswagen;Passat(B7);2012;2.0;189.0;10.45;D;false
05/10/2021;Renault;Laguna;2001;1.8;149.0;1.3;P;false
5/15/2018;Audi;A4;2012;3.0;196.0;16.999;D;true
8/26/2020;Volvo;V50;2008;2.0;193.0;5.49;D;true
02/09/2019;Mazda;626;1998;1.8;312.0;900;P;true
8/15/2019;Opel;Astra;1993;1.6;286.0;250;P;true
11/23/2018;Audi;A4;1996;1.8;353.0;880;P;false
3/22/2020;Chrysler;Town&Country;2000;3.8;197.0;1.3;P;true
03/12/2021;Audi;80;1985;1.6;290.0;290;P;true
7/14/2019;Audi;A6;2001;2.5;346.0;2.4;D;false
07/08/2022;Citroen;Berlingo;2007;1.6;205.0;2.2;D;false
9/28/2021;Mitsubishi;Grandis;2008;2.0;230.0;5.85;D;false
3/17/2020;Volvo;S80;2009;2.4;149.0;9.9;D;false
12/04/2018;Bmw;5;2004;3.0;268.0;6.222;D;true
11/29/2017;Nissan;X-Trail;2006;2.2;205.0;5.4;D;true
01/11/2019;Bmw;3;2002;2.0;298.0;1.4;P;true
10/02/2019;Nissan;Almera;2003;1.6;206.0;1.25;P;false
1/25/2019;Ford;Mondeo;2011;2.0;232.0;9.1;D;false
1/17/2021;Volkswagen;Golf5;2005;1.6;223.0;3.777;P;false
05/05/2021;Opel;Zafira;2003;2.2;232.0;2.29;D;true
2/24/2018;Bmw;5;1998;2.5;361.0;1.099;D;true
03/09/2022;Subaru;OUTBACK;1999;2.5;263.0;1.1;P;false
3/20/2022;Mitsubishi;Asx;2011;1.6;158.0;9.5;P;false
01/10/2018;Bmw;3;2000;3.0;225.0;3.95;P;true
07/12/2020;Mercedes;Vito;2003;2.2;327.0;890;D;true
12/22/2018;Opel;Insignia;2010;2.0;163.0;9.199;D;true
07/10/2021;Volkswagen;Golf4;1999;1.4;246.0;990;P;true
10/15/2020;Volkswagen;Sharan;1999;1.9;275.0;890;D;false
6/19/2017;Opel;Astra;2008;1.3;310.0;2.39;D;false
07/11/2017;Volkswagen;Caddy;2006;1.9;260.0;3.2;D;false
4/25/2020;Alfaromeo;166;2004;2.4;335.0;3.35;D;false
9/13/2021;Seat;Alhambra;2007;2.0;147.0;5.9;D;true
09/03/2021;Toyota;LandCruiser;2008;3.0;190.0;18.9;D;true
11/23/2019;Volkswagen;Touareg;2003;2.5;252.0;6.65;D;true
02/10/2022;Lexus;CT;2011;1.8;158.0;11.45;H;true
3/30/2021;Renault;Megane;1998;1.6;274.0;800;P;true
09/01/2018;Skoda;Roomster;2006;1.6;230.0;3.35;P;true
01/10/2022;Volkswagen;Transporter;2006;2.5;305.0;5.3;D;true
8/17/2020;Volkswagen;Touran;2004;1.6;141.0;4.5;P;true
11/27/2020;Opel;Vectra;2004;2.2;253.0;2.85;D;false
07/02/2020;Audi;Q7;2010;4.1;222.0;28.5;D;false
01/02/2019;Renault;Trafic;2004;2.5;234.0;4.4;D;true
07/02/2018;Volvo;V60;2012;1.6;195.0;10.75;D;true
08/12/2022;Volvo;V70;2003;2.4;246.0;3.4;D;true
12/12/2017;Toyota;CorollaVerso;2007;2.2;262.0;5.3;D;false
06/11/2021;Volkswagen;Passat(B5);2003;2.5;222.0;2.2;D;true
8/31/2022;Volkswagen;Sharan;1999;1.9;315.0;1.26;D;false
3/28/2021;Volvo;V70;2008;2.4;236.0;7.6;D;false
9/22/2022;Volvo;XC70;2007;2.4;156.0;5.999;D;false
4/17/2022;Ford;Mondeo;2003;2.0;230.0;1.1;D;true
05/04/2022;Chrysler;Voyager;2002;2.4;248.0;2.85;P;true
02/12/2020;Volkswagen;Passat(B5);2004;1.9;237.0;3.5;D;true
11/01/2019;Mitsubishi;Outlander;2011;2.2;121.0;12.5;D;false
10/29/2019;Volkswagen;PassatCC;2009;1.8;89.0;9.599;P;true
05/03/2021;Volvo;XC70;2003;2.5;230.0;3.75;P;true
10/02/2017;Volkswagen;Passat(B7);2012;2.0;185.0;14.25;D;false
11/15/2021;Volkswagen;Passat(B4);1993;2.8;323.0;1.2;P;false
08/07/2019;Mitsubishi;Colt;1997;1.3;320.0;200;P;false
08/03/2022;Opel;Astra;1998;2.0;311.0;1.05;D;true
12/14/2017;Bmw;3;2006;2.0;200.0;6.5;D;false
12/12/2019;Daihatsu;GranMove;1999;1.6;101.0;550;P;false
01/01/2022;Kia;Sportage;2005;2.0;199.0;4.3;D;false
12/12/2018;Nissan;Primera;2003;2.2;260.0;2.18;D;false
03/10/2020;Skoda;Superb;2015;1.6;102.0;22.5;D;true
12/15/2017;Renault;Kangoo;2011;1.5;163.0;4.85;D;true
12/15/2017;Renault;Master;2009;2.5;230.0;6.9;D;true
6/15/2020;Audi;Q7;2011;3.0;164.0;27.9;D;false
6/16/2020;Citroen;C5;2009;1.6;226.0;5.95;D;true
3/23/2018;Ford;Transit;2004;2.0;217.0;4.45;D;true
7/14/2019;Peugeot;508;2012;2.2;186.0;11.7;D;true
1/23/2020;Bmw;5;2012;2.0;176.0;21.7;D;true
4/15/2018;Skoda;Octavia;2006;1.6;270.0;3.15;P;false
08/01/2018;Opel;Astra;2004;1.7;240.0;1.6;D;false
01/11/2020;Opel;Zafira;2003;2.0;280.0;1.89;D;false
4/13/2020;Mercedes;E;2003;2.6;226.0;5.2;P;true
10/15/2019;Audi;A3;2000;1.9;230.0;2.35;D;true
6/29/2019;Mercedes;CLS;2009;3.0;298.0;15.8;D;true
03/07/2018;Mercedes;Sprinter;2003;2.7;300.0;3.8;D;true
06/12/2017;Subaru;Forester;1999;2.0;524.0;1.95;P;true
3/17/2021;Hyundai;Trajet;2005;2.0;135.0;2.55;P;false
4/28/2019;Ford;Mondeo;2010;2.0;178.0;7.95;D;true
09/04/2022;Mercedes;A;2000;1.6;235.0;1.49;P;false
11/27/2021;Audi;A6;2005;3.0;249.0;7.95;D;false
09/05/2019;Volkswagen;Golf4;1998;1.4;300.0;850;P;true
10/04/2017;Kia;Sorento;2006;2.5;230.0;3.8;D;false
9/27/2020;Peugeot;307;2001;2.0;240.0;1.8;D;false
5/29/2022;Honda;Accord;1999;2.0;295.0;1.45;D;true
12/04/2020;Kia;Sorento;2005;2.5;233.0;5.3;D;false
10/20/2021;Volkswagen;Touran;2005;1.9;231.0;3.897;D;true
6/26/2018;Bmw;5;1997;2.5;412.0;2;D;false
11/28/2020;LandRover;RangeRoverSport;2007;3.6;180.0;12.888;D;true
03/10/2022;Volvo;XC90;2006;2.4;186.0;8.45;D;true
9/17/2020;Audi;A4;1996;1.9;411.0;1.19;D;true
5/19/2018;Audi;A4;2013;2.0;228.0;12.99;D;false
4/16/2021;Audi;A6;1999;1.8;235.0;1.87;P;true
04/02/2019;Volkswagen;LT;1998;2.5;393.0;1.49;D;false
03/03/2019;Volvo;V40;2004;1.9;211.0;2.6;D;true
02/07/2022;Bmw;3;1995;1.8;26.0;850;D;true
10/03/2017;Mercedes;Viano;2012;2.2;255.0;14.9;D;true
7/21/2019;Volvo;V60;2011;1.6;141.0;9.95;D;false
9/24/2021;Bmw;X5;2014;4.0;165.0;40.888;D;false
10/26/2017;Audi;A4;2007;2.7;270.0;5.9;D;false
9/16/2022;Volkswagen;Passat(B7);2014;1.8;24.0;19;P;true
01/06/2020;Skoda;Octavia;2012;1.6;229.0;8.1;D;false
03/11/2021;Bmw;3;2006;2.0;152.0;6.5;P;false
09/03/2021;Audi;A6;2011;3.0;140.0;21.9;P;true
11/13/2018;Honda;Civic;2006;1.8;182.0;4.2;P;false
8/30/2018;Bmw;X5;2002;3.0;288.0;5.85;D;true
05/05/2019;Volkswagen;Passat(B7);2013;2.0;190.0;11.7;D;true
1/19/2018;Toyota;Verso;2013;2.2;159.0;12.6;D;false
11/18/2017;Volkswagen;Golf6;2012;1.4;81.0;8.3;P;true
7/19/2017;Audi;A6;2003;2.5;284.0;3;D;true
8/16/2021;Chrysler;Vision;1997;3.5;223.0;600;P;false
01/06/2019;Volvo;XC70;2002;2.4;289.0;4.15;D;false
8/20/2019;Volvo;S80;2003;2.4;288.0;3.95;D;false
10/23/2021;Volvo;XC70;2002;2.4;296.0;3.95;D;true
8/26/2018;Mazda;Mazda6;2003;2.0;236.0;550;P;true
01/11/2018;Bmw;X5;2006;3.0;320.0;8.75;D;false
06/08/2022;Volkswagen;Golf6;2011;1.6;115.0;7.35;D;false
9/29/2018;Volkswagen;LT;2004;2.8;275.0;4.6;D;false
12/24/2019;Volkswagen;Polo;1998;1.9;279.0;880;D;false
3/26/2018;Volvo;XC90;2007;2.4;233.0;12.15;D;false
08/01/2018;Volvo;XC90;2012;2.4;175.0;21.1;D;true
7/30/2019;Volvo;V40;2002;1.9;439.0;2.4;D;false
07/11/2020;Volvo;V50;2004;2.0;350.0;3.15;D;false
7/17/2021;Volkswagen;Golf5;2009;1.9;249.0;4.99;D;true
10/02/2017;Audi;A4;2012;3.0;240.0;13.9;D;true
02/05/2019;Volkswagen;Touran;2007;1.9;285.0;4.99;D;false
10/12/2022;Audi;A6;2013;3.0;210.0;21.9;D;false
11/27/2018;Toyota;RAV4;2010;2.2;111.0;10.5;D;true
01/09/2022;Volvo;S60;2004;2.4;246.0;3.49;D;true
8/24/2017;Opel;Corsa;2008;1.2;162.0;3.75;P;true
8/16/2017;Mercedes;C;1995;2.8;335.0;1.6;P;false
9/29/2021;Bmw;5;2011;3.0;228.0;18.7;D;true
09/04/2021;Citroen;C3;2006;1.4;180.0;1.95;D;true
1/21/2018;Volvo;V50;2007;2.0;218.0;4.5;D;true
03/06/2022;Citroen;Xsara;2003;1.6;201.0;1.15;P;true
7/26/2019;Opel;Zafira;2002;2.0;258.0;1.69;D;false
06/11/2022;Audi;A6;1998;1.9;252.0;2.29;D;true
07/09/2021;Mitsubishi;Lancer;2007;1.6;245.0;2.09;P;false
2/24/2019;Ford;Focus;2006;1.6;142.0;3.09;P;true
3/29/2019;Volvo;S60;2002;2.4;251.0;2.75;D;false
6/28/2022;Mercedes;A;2004;1.7;143.0;3.7;P;true
2/22/2021;Opel;Zafira;2003;2.0;280.0;1.79;D;false
5/19/2021;Nissan;Primera;2003;1.8;259.0;1.85;P;false
10/29/2020;Peugeot;Expert;2011;2.0;176.0;8.3;D;false
10/10/2022;Hyundai;ix35;2010;2.0;210.0;10.3;P;true
10/08/2017;Opel;Corsa;2015;1.4;34.0;9.9;P;true
05/08/2021;Chrysler;Town&Country;2000;3.8;308.0;2.15;P;false
10/20/2019;Opel;Zafira;2012;2.0;115.0;14.8;D;true
7/27/2019;Jeep;Cherokee;2015;2.4;1.8;29.7;P;true
10/26/2020;Opel;Vivaro;2004;2.5;241.0;4.5;D;false
07/05/2019;Infinity;QX4;1998;3.3;225.0;1.2;P;false
1/14/2019;Peugeot;407;2006;1.6;212.0;2.35;D;false
01/12/2021;Mercedes;CLK;2007;2.2;150.0;8.3;D;false
08/12/2019;Bmw;5;2010;2.0;211.0;11.5;D;false
3/24/2021;Mercedes;S;2001;4.0;280.0;5;D;false
1/19/2019;Fiat;Marea;2000;1.9;150.0;350;D;false
8/30/2018;Nissan;Navara;2009;2.5;124.0;600;D;true
9/25/2018;Volkswagen;Caravelle;1996;2.4;530.0;2.95;D;false
1/31/2020;Peugeot;Partner;2001;1.9;340.0;650;D;false
08/11/2018;Peugeot;607;2005;2.7;311.0;2.75;D;false
9/21/2020;Volkswagen;Golf6;2012;1.4;181.0;6.5;P;false
08/11/2018;Lincoln;TownCar;2001;4.6;360.0;2.5;P;false
11/02/2021;Honda;Accord;2003;2.4;235.0;3.1;P;false
01/02/2021;Opel;Astra;1998;1.6;380.0;600;P;true
3/15/2018;Jeep;Cherokee;2014;3.2;11.0;29.8;P;false
7/15/2019;Volkswagen;Passat(B5);1997;1.9;275.0;1.17;D;false
04/09/2021;Volkswagen;Golf5;2009;1.9;210.0;4.999;D;true
03/08/2019;Bmw;3;1999;2.0;299.0;2.2;P;false
3/27/2018;Kia;Sportage;2005;2.0;136.0;3.7;D;true
11/21/2020;Volkswagen;Touran;2003;1.9;265.0;3;D;false
09/05/2022;Bmw;3;1996;1.8;350.0;750;D;false
12/10/2018;Bmw;7;1999;3.0;240.0;3.5;D;false
09/03/2021;Volvo;S60;2004;2.4;235.0;3.65;D;true
11/26/2017;Peugeot;407;2006;2.0;157.0;2.7;D;false
06/09/2019;Volkswagen;T4;1998;2.5;400.0;2.65;D;true
01/12/2019;Bmw;5;2000;2.8;350.0;1.1;P;false
5/18/2022;Volkswagen;Golf4;2002;1.9;330.0;2.65;D;true
11/29/2018;Audi;Q5;2015;2.0;34.0;32.5;D;true
09/09/2020;Volvo;XC60;2009;2.4;131.0;14.6;D;true
7/23/2018;Ford;FocusC-Max;2009;2.0;198.0;5.8;D;true
04/03/2021;Audi;A6;2006;2.7;277.0;6.55;D;true
12/15/2021;Honda;Civic;1995;1.5;210.0;900;P;true
7/18/2019;Renault;Espace;2005;1.9;204.0;3.1;D;true
10/30/2018;Volkswagen;Passat(B5);2002;2.0;256.0;1.95;P;true
10/09/2017;Honda;Civic;1995;1.4;350.0;300;P;false
6/25/2021;Volkswagen;Sharan;2000;2.0;300.0;1.65;P;true
9/20/2020;Renault;Espace;2003;2.2;166.0;2.5;D;false
07/02/2019;Bmw;5;2002;2.5;340.0;3.1;D;false
07/01/2020;Volkswagen;Golf6;2010;2.0;207.0;7.95;D;true
10/18/2021;Renault;Master;2007;2.5;248.0;2.599;D;false
8/28/2018;Bmw;3;1999;1.9;225.0;1.5;P;false
9/15/2017;Chrysler;Town&Country;2013;3.6;72.0;19.999;P;false
11/25/2020;Renault;Espace;2005;1.9;182.0;3;D;false
2/25/2018;Audi;A4;1998;1.8;185.0;1.65;P;false
06/11/2018;Opel;Combo;2007;1.7;200.0;3.2;D;true
6/24/2017;Nissan;Qashqai;2011;2.0;192.0;7.98;D;true
2/19/2020;Ford;Galaxy;2003;1.9;280.0;2.5;D;false
04/09/2018;Bmw;X5;2002;3.0;275.0;7.6;P;true
07/01/2017;Mazda;Mazda5;2006;2.0;235.0;4.35;D;true
3/23/2018;Volkswagen;Golf3;1993;1.9;140.0;440;D;true
7/15/2018;Volkswagen;T5;2005;2.5;340.0;7;D;true
3/17/2020;Nissan;Almera;2003;1.5;182.0;850;P;true
11/26/2017;Bmw;Z3;1997;1.9;173.0;5;P;false
1/27/2020;Ford;Focus;2000;1.8;360.0;500;D;false
1/18/2019;Seat;Ibiza;1999;1.9;230.0;650;D;false
7/14/2022;Volkswagen;LT;1997;2.5;380.0;1.85;D;true
09/02/2022;Audi;A4;1998;1.9;120.0;3.8;D;false
12/31/2018;LandRover;RangeRoverSport;2008;3.6;220.0;13.3;D;false
2/15/2022;Bmw;X3;2011;3.0;215.0;20.95;D;true
10/18/2020;Bmw;5;2000;2.5;307.0;2.4;D;false
03/03/2018;Volkswagen;Golf2;1989;1.6;189.0;490;P;false
7/28/2022;Bmw;5;2002;3.0;276.0;3.5;D;true
9/22/2017;Volkswagen;Jetta;1991;1.6;229.0;550;P;false
12/14/2021;Volvo;XC60;2011;2.0;164.0;16.7;D;true
8/21/2017;Skoda;Octavia;2007;2.0;240.0;3;D;false
12/05/2018;Audi;A6;2010;3.0;203.0;12.85;D;false
9/24/2020;Audi;A4;2001;1.9;245.0;2.9;D;true
